Index,Year,Month,Price,Real price,Real total return price
1,1871,January,4.44,110.31,110.31
2,1871,February,4.5,108.49,109.01
3,1871,March,4.61,109.52,110.56
4,1871,April,4.74,116.87,118.53
5,1871,May,4.86,122.62,124.91
6,1871,June,4.82,123.52,126.4
7,1871,July,4.73,121.22,124.61
8,1871,August,4.79,124.72,128.78
9,1871,September,4.84,123.07,127.65
10,1871,October,4.59,114.92,119.76
11,1871,November,4.64,116.17,121.62
12,1871,December,4.74,115.99,122
13,1872,January,4.86,118.93,125.65
14,1872,February,4.88,119.42,126.74
15,1872,March,5.04,121.51,129.54
16,1872,April,5.18,122.17,130.81
17,1872,May,5.18,122.17,131.39
18,1872,June,5.13,121.87,131.67
19,1872,July,5.1,122.96,133.46
20,1872,August,5.04,120.62,131.54
21,1872,September,4.95,117.6,128.87
22,1872,October,4.97,120.72,132.94
23,1872,November,4.95,116.74,129.21
24,1872,December,5.07,121.33,134.95
25,1873,January,5.11,122.29,136.69
26,1873,February,5.15,120.59,135.45
27,1873,March,5.11,119.65,135.07
28,1873,April,5.04,118.01,133.9
29,1873,May,5.05,120.85,137.83
30,1873,June,4.98,122.79,140.78
31,1873,July,4.97,122.54,141.25
32,1873,August,4.97,122.54,142
33,1873,September,4.59,113.17,131.91
34,1873,October,4.19,105.71,124.01
35,1873,November,4.04,105.19,124.24
36,1873,December,4.42,112.39,133.56
37,1874,January,4.66,116.67,139.47
38,1874,February,4.8,120.17,144.48
39,1874,March,4.73,118.42,143.2
40,1874,April,4.6,116.97,142.28
41,1874,May,4.48,114.81,140.52
42,1874,June,4.46,117.06,144.16
43,1874,July,4.46,116.13,143.89
44,1874,August,4.47,117.33,146.27
45,1874,September,4.54,119.16,149.46
46,1874,October,4.53,120.85,152.5
47,1874,November,4.57,122.93,156.05
48,1874,December,4.54,122.12,155.96
49,1875,January,4.54,122.12,156.9
50,1875,February,4.53,121.85,157.49
51,1875,March,4.59,123.46,160.51
52,1875,April,4.65,124.05,162.2
53,1875,May,4.47,122.26,160.8
54,1875,June,4.38,121.84,161.22
55,1875,July,4.39,122.12,162.54
56,1875,August,4.41,121.64,162.85
57,1875,September,4.37,121.56,163.7
58,1875,October,4.3,119.62,162.03
59,1875,November,4.37,122.61,167.05
60,1875,December,4.37,123.68,169.47
61,1876,January,4.46,127.33,175.45
62,1876,February,4.52,129.05,178.8
63,1876,March,4.51,128.76,179.39
64,1876,April,4.34,125,175.16
65,1876,May,4.18,124.81,175.94
66,1876,June,4.15,127.42,180.7
67,1876,July,4.1,125.89,179.61
68,1876,August,3.93,119.54,171.64
69,1876,September,3.69,111.2,160.75
70,1876,October,3.67,108.59,158.04
71,1876,November,3.6,105.56,154.69
72,1876,December,3.58,103.11,152.17
73,1877,January,3.55,100.47,149.28
74,1877,February,3.34,97.06,145.23
75,1877,March,3.17,96.42,145.31
76,1877,April,2.94,86.99,132.07
77,1877,May,2.94,85.44,130.64
78,1877,June,2.73,83.82,129.14
79,1877,July,2.85,86.69,134.48
80,1877,August,3.05,96.38,150.43
81,1877,September,3.24,103.38,162.27
82,1877,October,3.31,105.62,166.64
83,1877,November,3.26,106.1,168.26
84,1877,December,3.25,105.78,168.56
85,1878,January,3.25,109.05,174.62
86,1878,February,3.18,107.81,173.49
87,1878,March,3.24,112.18,181.39
88,1878,April,3.33,116.54,189.32
89,1878,May,3.34,120.79,197.12
90,1878,June,3.41,126.12,206.76
91,1878,July,3.48,127.26,209.55
92,1878,August,3.45,124.76,206.35
93,1878,September,3.52,127.3,211.45
94,1878,October,3.48,127.26,212.31
95,1878,November,3.47,128.34,215.04
96,1878,December,3.45,130.57,219.72
97,1879,January,3.58,133.93,226.33
98,1879,February,3.71,137.21,232.84
99,1879,March,3.65,136.55,232.69
100,1879,April,3.77,142.68,244.13
101,1879,May,3.94,149.11,256.16
102,1879,June,3.96,151.63,261.53
103,1879,July,4.04,152.9,264.75
104,1879,August,4.07,154.03,267.77
105,1879,September,4.22,154.32,269.32
106,1879,October,4.68,162.04,283.78
107,1879,November,4.93,162.08,284.79
108,1879,December,4.92,156.99,276.79
109,1880,January,5.11,158.39,280.2
110,1880,February,5.2,161.18,286.09
111,1880,March,5.3,162.74,289.82
112,1880,April,5.18,165.29,295.41
113,1880,May,4.77,156.82,281.37
114,1880,June,4.79,160.72,289.53
115,1880,July,5.01,168.1,304.01
116,1880,August,5.19,174.14,316.15
117,1880,September,5.18,172.03,313.55
118,1880,October,5.33,177.02,323.89
119,1880,November,5.61,184.43,338.74
120,1880,December,5.84,190.07,350.4
121,1881,January,6.19,203.5,376.49
122,1881,February,6.17,200.81,372.87
123,1881,March,6.24,203.09,378.49
124,1881,April,6.22,200.44,374.94
125,1881,May,6.5,211.55,397.18
126,1881,June,6.58,214.16,403.55
127,1881,July,6.35,204.63,387.08
128,1881,August,6.2,195.91,372.09
129,1881,September,6.25,190.11,362.54
130,1881,October,6.15,185.34,354.92
131,1881,November,6.19,188.29,362.09
132,1881,December,6.01,182.81,353.13
133,1882,January,5.92,180.07,349.4
134,1882,February,5.79,174.49,340.13
135,1882,March,5.78,174.19,341.1
136,1882,April,5.78,172.59,339.53
137,1882,May,5.71,168.95,333.93
138,1882,June,5.68,166.55,330.72
139,1882,July,6,177.53,354.1
140,1882,August,6.18,181.21,363
141,1882,September,6.24,188.05,378.31
142,1882,October,6.07,184.64,373.08
143,1882,November,5.81,178.39,362.12
144,1882,December,5.84,181.02,369.13
145,1883,January,5.81,180.09,368.93
146,1883,February,5.68,174.4,358.96
147,1883,March,5.75,178.23,368.55
148,1883,April,5.87,183.7,381.61
149,1883,May,5.77,182.33,380.52
150,1883,June,5.82,189.42,397.17
151,1883,July,5.73,190.3,400.9
152,1883,August,5.47,181.67,384.62
153,1883,September,5.53,185.55,394.78
154,1883,October,5.38,180.52,386.03
155,1883,November,5.46,185.11,397.84
156,1883,December,5.34,179.18,387.07
157,1884,January,5.18,173.81,377.45
158,1884,February,5.32,178.51,389.64
159,1884,March,5.3,177.83,390.16
160,1884,April,5.06,173.36,382.35
161,1884,May,4.65,162.74,361
162,1884,June,4.46,156.09,348.32
163,1884,July,4.46,157.78,354.2
164,1884,August,4.74,167.69,378.53
165,1884,September,4.59,164.17,372.7
166,1884,October,4.44,160.57,366.67
167,1884,November,4.35,160.89,369.59
168,1884,December,4.34,162.36,375.2
169,1885,January,4.24,158.62,368.75
170,1885,February,4.37,161.62,377.87
171,1885,March,4.38,165.76,389.71
172,1885,April,4.37,163.48,386.45
173,1885,May,4.32,165.42,393.13
174,1885,June,4.3,168.62,402.88
175,1885,July,4.46,172.81,414.97
176,1885,August,4.71,182.5,440.27
177,1885,September,4.65,182.34,441.93
178,1885,October,4.92,192.93,469.58
179,1885,November,5.24,203.03,496.1
180,1885,December,5.2,196.8,482.72
181,1886,January,5.2,201.48,496.1
182,1886,February,5.3,205.36,507.52
183,1886,March,5.19,203.52,504.87
184,1886,April,5.12,203.22,506.05
185,1886,May,5.02,204.23,510.53
186,1886,June,5.25,216.29,542.65
187,1886,July,5.33,216.84,545.98
188,1886,August,5.37,215.77,545.19
189,1886,September,5.51,221.4,561.31
190,1886,October,5.65,227.03,577.47
191,1886,November,5.79,232.65,593.67
192,1886,December,5.64,223.86,573.09
193,1887,January,5.58,216.2,555.33
194,1887,February,5.54,212.13,546.71
195,1887,March,5.67,217.11,561.41
196,1887,April,5.8,222.09,576.18
197,1887,May,5.9,225.91,588.04
198,1887,June,5.73,222.02,579.87
199,1887,July,5.59,219.2,574.54
200,1887,August,5.45,211.17,555.52
201,1887,September,5.38,210.97,557.07
202,1887,October,5.2,201.48,534.11
203,1887,November,5.3,202.94,540.07
204,1887,December,5.27,197.15,526.75
205,1888,January,5.31,196.39,526.76
206,1888,February,5.28,197.53,531.86
207,1888,March,5.08,190.04,513.77
208,1888,April,5.1,193.01,523.87
209,1888,May,5.17,197.96,539.4
210,1888,June,5.01,194.12,531.04
211,1888,July,5.14,196.81,540.49
212,1888,August,5.25,201.03,554.13
213,1888,September,5.38,206,569.92
214,1888,October,5.35,202.47,562.19
215,1888,November,5.24,196.03,546.31
216,1888,December,5.14,192.29,537.88
217,1889,January,5.24,203.03,570
218,1889,February,5.3,207.83,585.56
219,1889,March,5.19,206,582.52
220,1889,April,5.18,205.6,583.52
221,1889,May,5.32,216.44,616.45
222,1889,June,5.41,220.1,629.05
223,1889,July,5.3,215.62,618.43
224,1889,August,5.37,218.47,628.77
225,1889,September,5.5,221,638.19
226,1889,October,5.4,216.98,628.73
227,1889,November,5.35,214.97,625.05
228,1889,December,5.32,211.16,616.08
229,1890,January,5.38,218.88,640.78
230,1890,February,5.32,216.44,635.82
231,1890,March,5.28,214.81,633.23
232,1890,April,5.39,219.29,648.62
233,1890,May,5.62,225.82,670.13
234,1890,June,5.58,224.21,667.54
235,1890,July,5.54,222.61,664.95
236,1890,August,5.41,209.62,628.28
237,1890,September,5.32,203.71,612.66
238,1890,October,5.08,194.52,587.13
239,1890,November,4.71,184.69,559.66
240,1890,December,4.6,180.38,548.76
241,1891,January,4.84,192.11,586.65
242,1891,February,4.9,192.14,588.96
243,1891,March,4.81,186.37,573.44
244,1891,April,4.97,190.3,587.7
245,1891,May,4.95,191.79,594.5
246,1891,June,4.85,192.5,598.95
247,1891,July,4.77,191.67,598.64
248,1891,August,4.93,198.09,621.02
249,1891,September,5.33,216.84,682.14
250,1891,October,5.33,216.84,684.48
251,1891,November,5.25,216.29,685.13
252,1891,December,5.41,222.89,708.4
253,1892,January,5.51,232.9,742.72
254,1892,February,5.52,233.32,746.57
255,1892,March,5.58,242.15,777.42
256,1892,April,5.57,244.98,789.18
257,1892,May,5.57,244.98,791.87
258,1892,June,5.54,243.66,790.33
259,1892,July,5.54,237.25,772.22
260,1892,August,5.62,237.55,775.87
261,1892,September,5.48,231.63,759.25
262,1892,October,5.59,236.28,777.22
263,1892,November,5.57,229.48,757.52
264,1892,December,5.51,224.17,742.68
265,1893,January,5.61,219.99,731.44
266,1893,February,5.51,213.49,712.44
267,1893,March,5.31,210.76,706
268,1893,April,5.31,213.36,717.45
269,1893,May,4.84,196.91,664.9
270,1893,June,4.61,192.36,652.42
271,1893,July,4.18,179.01,610.11
272,1893,August,4.08,181.91,623.11
273,1893,September,4.37,187.15,644.08
274,1893,October,4.5,190.21,657.64
275,1893,November,4.57,198.32,688.8
276,1893,December,4.41,193.96,676.84
277,1894,January,4.32,195.28,684.69
278,1894,February,4.38,200.78,707.24
279,1894,March,4.51,212.73,752.66
280,1894,April,4.57,215.56,765.96
281,1894,May,4.4,207.55,740.73
282,1894,June,4.34,204.72,733.86
283,1894,July,4.25,200.47,721.83
284,1894,August,4.41,202.16,730.98
285,1894,September,4.48,202.51,735.27
286,1894,October,4.34,201.79,735.69
287,1894,November,4.34,201.79,738.7
288,1894,December,4.3,202.83,745.52
289,1895,January,4.25,200.47,739.86
290,1895,February,4.19,197.64,732.42
291,1895,March,4.19,197.64,735.4
292,1895,April,4.37,197.54,737.89
293,1895,May,4.61,205.54,770.55
294,1895,June,4.7,206.72,777.72
295,1895,July,4.72,210.44,794.5
296,1895,August,4.79,216.53,820.28
297,1895,September,4.82,217.88,828.2
298,1895,October,4.75,214.72,818.94
299,1895,November,4.59,207.49,794.11
300,1895,December,4.32,198.03,760.7
301,1896,January,4.27,198.54,765.46
302,1896,February,4.45,209.9,812.14
303,1896,March,4.38,206.6,802.21
304,1896,April,4.42,211.56,824.34
305,1896,May,4.4,213.74,835.79
306,1896,June,4.32,213.03,836
307,1896,July,4.04,199.23,784.78
308,1896,August,3.81,187.88,743.07
309,1896,September,4.01,197.75,785.04
310,1896,October,4.1,196.24,781.93
311,1896,November,4.38,203.65,814.26
312,1896,December,4.22,196.21,787.3
313,1897,January,4.22,201.98,813.34
314,1897,February,4.18,200.07,808.52
315,1897,March,4.19,200.55,813.35
316,1897,April,4.06,197.23,802.84
317,1897,May,4.08,201.2,822.03
318,1897,June,4.27,210.57,863.33
319,1897,July,4.46,219.94,904.78
320,1897,August,4.75,224.06,924.62
321,1897,September,4.98,228.29,944.93
322,1897,October,4.82,224.11,930.52
323,1897,November,4.65,216.2,900.6
324,1897,December,4.75,220.85,922.87
325,1898,January,4.88,226.9,951.07
326,1898,February,4.87,223.24,938.69
327,1898,March,4.65,213.16,899.25
328,1898,April,4.57,209.49,886.79
329,1898,May,4.87,208.56,885.68
330,1898,June,5.06,231.95,988.12
331,1898,July,5.08,236.2,1009.36
332,1898,August,5.27,245.03,1050.31
333,1898,September,5.26,244.57,1051.56
334,1898,October,5.15,239.45,1032.84
335,1898,November,5.32,247.36,1070.25
336,1898,December,5.65,259,1123.94
337,1899,January,6.08,278.71,1212.8
338,1899,February,6.31,281.33,1227.46
339,1899,March,6.4,285.34,1248.25
340,1899,April,6.48,285.01,1250.03
341,1899,May,6.21,273.13,1201.23
342,1899,June,6.07,263.41,1161.76
343,1899,July,6.28,268.94,1189.37
344,1899,August,6.44,272.21,1207.05
345,1899,September,6.37,259.16,1152.28
346,1899,October,6.34,254.75,1135.8
347,1899,November,6.46,256.41,1146.27
348,1899,December,6.02,236.06,1058.39
349,1900,January,6.1,239.2,1075.64
350,1900,February,6.21,240.62,1085.27
351,1900,March,6.26,242.55,1097.39
352,1900,April,6.34,245.65,1114.92
353,1900,May,6.04,239.74,1091.79
354,1900,June,5.86,235.46,1076.22
355,1900,July,5.86,232.59,1067.06
356,1900,August,5.94,238.68,1099.13
357,1900,September,5.8,230.21,1064.36
358,1900,October,6.01,241.49,1120.93
359,1900,November,6.48,260.38,1213.14
360,1900,December,6.87,279.5,1306.96
361,1901,January,7.07,284.08,1333.13
362,1901,February,7.25,294.96,1388.99
363,1901,March,7.51,305.53,1443.67
364,1901,April,8.14,335.36,1589.56
365,1901,May,7.73,318.47,1514.51
366,1901,June,8.5,350.19,1670.44
367,1901,July,7.93,322.62,1543.98
368,1901,August,8.04,323.06,1551.09
369,1901,September,8,317.53,1529.55
370,1901,October,7.91,313.96,1517.39
371,1901,November,8.08,316.84,1536.36
372,1901,December,7.95,308.03,1498.65
373,1902,January,8.12,318.41,1554.24
374,1902,February,8.19,321.16,1572.77
375,1902,March,8.2,321.55,1579.85
376,1902,April,8.48,328.57,1619.48
377,1902,May,8.46,323.94,1601.75
378,1902,June,8.41,318.28,1578.84
379,1902,July,8.6,325.47,1619.6
380,1902,August,8.83,338.11,1687.67
381,1902,September,8.85,334.93,1676.98
382,1902,October,8.57,303.18,1522.85
383,1902,November,8.24,301.33,1518.62
384,1902,December,8.05,291.12,1472.13
385,1903,January,8.46,302.58,1535.1
386,1903,February,8.41,300.79,1531.07
387,1903,March,8.08,298.84,1526.39
388,1903,April,7.75,286.63,1469.35
389,1903,May,7.6,287.62,1479.9
390,1903,June,7.18,271.73,1403.63
391,1903,July,6.85,259.24,1344.68
392,1903,August,6.63,250.91,1307.11
393,1903,September,6.47,242.04,1266.51
394,1903,October,6.26,236.91,1245.37
395,1903,November,6.28,240.46,1269.89
396,1903,December,6.57,251.57,1334.43
397,1904,January,6.68,249.9,1331.31
398,1904,February,6.5,237.7,1271.91
399,1904,March,6.48,239.66,1288
400,1904,April,6.64,248.4,1340.62
401,1904,May,6.5,248.89,1348.97
402,1904,June,6.51,249.27,1356.75
403,1904,July,6.78,259.61,1418.7
404,1904,August,7.01,265.3,1455.34
405,1904,September,7.32,273.84,1507.7
406,1904,October,7.75,289.93,1601.71
407,1904,November,8.17,298.78,1655.85
408,1904,December,8.25,301.7,1677.3
409,1905,January,8.43,308.28,1719.17
410,1905,February,8.8,321.81,1799.95
411,1905,March,9.05,334.71,1877.54
412,1905,April,8.94,330.65,1860.2
413,1905,May,8.5,317.99,1794.56
414,1905,June,8.6,321.73,1821.3
415,1905,July,8.87,331.83,1884.16
416,1905,August,9.2,340.26,1937.7
417,1905,September,9.23,345.3,1972.14
418,1905,October,9.36,350.16,2005.74
419,1905,November,9.31,344.33,1978.14
420,1905,December,9.54,348.88,2010.03
421,1906,January,9.87,360.94,2085.45
422,1906,February,9.8,358.38,2076.68
423,1906,March,9.56,349.61,2031.96
424,1906,April,9.43,344.85,2010.58
425,1906,May,9.18,331.98,1941.84
426,1906,June,9.3,336.32,1973.66
427,1906,July,9.06,338.94,1995.8
428,1906,August,9.73,355.82,2102
429,1906,September,10.03,362.72,2149.54
430,1906,October,9.73,344.22,2046.69
431,1906,November,9.93,347.52,2073.15
432,1906,December,9.84,340.71,2039.39
433,1907,January,9.56,334.57,2009.7
434,1907,February,9.26,317.25,1912.62
435,1907,March,8.35,289.11,1750.15
436,1907,April,8.39,290.5,1765.75
437,1907,May,8.1,274.61,1676.35
438,1907,June,7.84,263.06,1613
439,1907,July,8.14,273.13,1681.97
440,1907,August,7.53,252.66,1563.28
441,1907,September,7.45,249.98,1554.11
442,1907,October,6.64,220.52,1378.46
443,1907,November,6.25,216.4,1360.58
444,1907,December,6.57,232.43,1469.48
445,1908,January,6.85,245,1557.18
446,1908,February,6.6,238.68,1525.32
447,1908,March,6.87,248.44,1596
448,1908,April,7.24,258.94,1671.64
449,1908,May,7.63,272.89,1769.83
450,1908,June,7.64,273.25,1780.27
451,1908,July,7.92,280.19,1833.46
452,1908,August,8.26,292.21,1920.14
453,1908,September,8.17,289.03,1907.16
454,1908,October,8.27,289.42,1917.58
455,1908,November,8.83,305.73,2033.36
456,1908,December,9.03,309.37,2065.12
457,1909,January,9.06,313.7,2101.79
458,1909,February,8.8,301.49,2027.76
459,1909,March,8.92,305.6,2063.28
460,1909,April,9.32,312.72,2119.17
461,1909,May,9.63,319.82,2175.13
462,1909,June,9.8,322.18,2198.99
463,1909,July,9.94,326.78,2238.31
464,1909,August,10.18,331.33,2277.36
465,1909,September,10.19,328.37,2264.98
466,1909,October,10.23,323.26,2237.57
467,1909,November,10.18,318.58,2213.11
468,1909,December,10.3,319.27,2225.76
469,1910,January,10.08,315.45,2207.21
470,1910,February,9.72,304.19,2136.5
471,1910,March,9.96,305.82,2156
472,1910,April,9.72,295.66,2092.42
473,1910,May,9.56,296.33,2105.44
474,1910,June,9.1,284.79,2031.84
475,1910,July,8.64,270.39,1937.65
476,1910,August,8.85,279.65,2012.69
477,1910,September,8.91,284.31,2055.06
478,1910,October,9.32,306.4,2223.97
479,1910,November,9.31,312.39,2276.89
480,1910,December,9.05,303.66,2222.88
481,1911,January,9.27,311.04,2286.54
482,1911,February,9.43,326.51,2410.2
483,1911,March,9.32,319.3,2366.91
484,1911,April,9.28,328.3,2443.87
485,1911,May,9.48,335.37,2506.85
486,1911,June,9.67,342.1,2567.45
487,1911,July,9.63,337.02,2539.64
488,1911,August,9.17,310.89,2352.75
489,1911,September,8.67,290.91,2211.49
490,1911,October,8.72,292.59,2234.24
491,1911,November,9.07,307.5,2358.24
492,1911,December,9.11,312.11,2403.87
493,1912,January,9.12,309.2,2391.68
494,1912,February,9.04,303.33,2356.48
495,1912,March,9.3,305.74,2385.33
496,1912,April,9.59,306.01,2397.19
497,1912,May,9.58,305.69,2404.57
498,1912,June,9.58,308.71,2438.41
499,1912,July,9.59,309.04,2451.05
500,1912,August,9.81,313.03,2492.75
501,1912,September,9.86,311.57,2491.13
502,1912,October,9.84,310.93,2496.15
503,1912,November,9.73,307.46,2478.38
504,1912,December,9.38,299.31,2422.94
505,1913,January,9.3,293.87,2389.18
506,1913,February,8.97,283.44,2314.68
507,1913,March,8.8,278.07,2281.14
508,1913,April,8.79,277.76,2288.91
509,1913,May,8.55,272.96,2259.89
510,1913,June,8.12,256.58,2134.8
511,1913,July,8.23,257.43,2152.28
512,1913,August,8.45,264.31,2220.27
513,1913,September,8.53,264.15,2229.28
514,1913,October,8.26,255.79,2169.17
515,1913,November,8.05,246.82,2103.49
516,1913,December,8.04,248.97,2132.45
517,1914,January,8.37,259.19,2230.47
518,1914,February,8.48,265.25,2293.15
519,1914,March,8.32,260.25,2260.37
520,1914,April,8.12,256.58,2239.06
521,1914,May,8.17,255.56,2240.44
522,1914,June,8.13,254.3,2239.76
523,1914,July,7.68,237.83,2104.74
524,1914,August,7.68,233.16,2073.32
525,1914,September,7.68,233.16,2083.11
526,1914,October,7.68,235.47,2113.55
527,1914,November,7.68,233.16,2102.48
528,1914,December,7.35,225.35,2041.74
529,1915,January,7.48,229.34,2087.59
530,1915,February,7.38,228.54,2090.18
531,1915,March,7.57,236.79,2175.73
532,1915,April,8.14,252.07,2326.19
533,1915,May,7.95,243.75,2259.4
534,1915,June,8.04,246.51,2295.05
535,1915,July,8.01,245.59,2296.61
536,1915,August,8.35,256.01,2404.29
537,1915,September,8.66,265.52,2503.81
538,1915,October,9.14,277.49,2626.9
539,1915,November,9.46,284.42,2702.65
540,1915,December,9.48,285.02,2718.61
541,1916,January,9.33,277.81,2660.3
542,1916,February,9.2,273.94,2633.96
543,1916,March,9.17,270.45,2611.3
544,1916,April,9.07,264.97,2569.58
545,1916,May,9.27,268.28,2613.02
546,1916,June,9.36,268.38,2625.48
547,1916,July,9.23,264.65,2600.84
548,1916,August,9.3,264.21,2608.54
549,1916,September,9.68,270.05,2678.32
550,1916,October,9.98,273.5,2724.64
551,1916,November,10.21,274.93,2751.23
552,1916,December,9.8,261.62,2630.46
553,1917,January,9.57,253.29,2559.42
554,1917,February,9.03,233.03,2367.27
555,1917,March,9.31,240.25,2453.62
556,1917,April,9.17,225.37,2314.26
557,1917,May,8.86,214.35,2213.8
558,1917,June,9.04,215.34,2236.84
559,1917,July,8.79,212.66,2222.28
560,1917,August,8.53,203.19,2136.78
561,1917,September,8.12,189.06,2001.61
562,1917,October,7.68,176.17,1878.63
563,1917,November,7.04,161.49,1735.92
564,1917,December,6.8,153.7,1666.23
565,1918,January,7.21,159.48,1742.43
566,1918,February,7.43,163.18,1796.26
567,1918,March,7.28,161.03,1785.96
568,1918,April,7.21,157.23,1756.97
569,1918,May,7.44,158.89,1788.24
570,1918,June,7.45,156.94,1778.73
571,1918,July,7.51,154.01,1757.56
572,1918,August,7.58,152.42,1751.05
573,1918,September,7.54,148.72,1719.86
574,1918,October,7.86,152.13,1770.24
575,1918,November,8.06,153.13,1792.56
576,1918,December,7.9,148.27,1746.11
577,1919,January,7.85,147.33,1745.5
578,1919,February,7.88,150.63,1795.25
579,1919,March,8.12,153.32,1837.87
580,1919,April,8.39,155.58,1875.18
581,1919,May,8.97,164.36,1991.27
582,1919,June,9.21,168.76,2054.72
583,1919,July,9.51,169.25,2070.55
584,1919,August,8.87,155.19,1908.17
585,1919,September,9.01,156.75,1937.02
586,1919,October,9.47,162.02,2011.63
587,1919,November,9.19,153.83,1919.18
588,1919,December,8.92,146.15,1832.4
589,1920,January,8.83,141.68,1785.17
590,1920,February,8.1,128.63,1629.57
591,1920,March,8.67,136.29,1735.25
592,1920,April,8.6,131.19,1678.84
593,1920,May,8.06,121.16,1558.87
594,1920,June,7.92,117.35,1518.07
595,1920,July,7.91,117.76,1531.76
596,1920,August,7.6,115.94,1516.52
597,1920,September,7.87,121.86,1602.64
598,1920,October,7.88,122.62,1621.5
599,1920,November,7.48,116.99,1555.78
600,1920,December,6.81,108.7,1454.65
601,1921,January,7.11,115.88,1559.9
602,1921,February,7.06,118.82,1608.91
603,1921,March,6.88,116.42,1585.96
604,1921,April,6.91,118.22,1620.06
605,1921,May,7.12,124.57,1716.79
606,1921,June,6.55,115.25,1598.12
607,1921,July,6.53,114.25,1593.96
608,1921,August,6.45,112.85,1584.13
609,1921,September,6.61,116.97,1651.76
610,1921,October,6.7,118.56,1684
611,1921,November,7.06,125.65,1794.47
612,1921,December,7.31,130.85,1878.55
613,1922,January,7.3,133.76,1930.56
614,1922,February,7.46,136.69,1983.19
615,1922,March,7.74,143.52,2092.86
616,1922,April,8.21,152.24,2230.69
617,1922,May,8.53,158.17,2328.52
618,1922,June,8.45,156.69,2317.72
619,1922,July,8.51,156.86,2331.39
620,1922,August,8.83,164.72,2459.6
621,1922,September,9.06,169.01,2535.22
622,1922,October,9.26,171.71,2587.3
623,1922,November,8.8,162.21,2455.84
624,1922,December,8.78,160.88,2447.55
625,1923,January,8.9,164.05,2507.73
626,1923,February,9.28,171.06,2626.85
627,1923,March,9.43,173.82,2681.46
628,1923,April,9.1,166.75,2584.49
629,1923,May,8.67,158.87,2474.63
630,1923,June,8.34,151.92,2378.73
631,1923,July,8.06,145.11,2284.39
632,1923,August,8.1,146.69,2321.59
633,1923,September,8.15,146.73,2334.8
634,1923,October,8.03,143.74,2299.63
635,1923,November,8.27,148.03,2380.97
636,1923,December,8.55,153.05,2474.3
637,1924,January,8.83,158.06,2568.15
638,1924,February,8.87,159.7,2607.79
639,1924,March,8.7,157.55,2585.95
640,1924,April,8.5,154.84,2554.73
641,1924,May,8.47,154.29,2559.2
642,1924,June,8.63,157.2,2621.14
643,1924,July,9.03,163.53,2740.22
644,1924,August,9.34,170.14,2864.79
645,1924,September,9.25,167.51,2834.44
646,1924,October,9.13,164.38,2795.28
647,1924,November,9.64,173.56,2965.41
648,1924,December,10.16,181.86,3121.32
649,1925,January,10.58,189.38,3264.54
650,1925,February,10.67,192.1,3325.89
651,1925,March,10.39,185.98,3234.42
652,1925,April,10.28,185.08,3233.57
653,1925,May,10.61,189.92,3332.96
654,1925,June,10.8,191.11,3368.75
655,1925,July,11.1,194.2,3438.09
656,1925,August,11.25,196.82,3499.61
657,1925,September,11.51,201.37,3595.72
658,1925,October,11.89,208.02,3729.83
659,1925,November,12.26,210.92,3797.12
660,1925,December,12.46,215.56,3896.19
661,1926,January,12.65,218.85,3971.43
662,1926,February,12.67,219.19,3993.8
663,1926,March,11.81,205.46,3760.07
664,1926,April,11.48,198.6,3651.21
665,1926,May,11.56,201.11,3714.3
666,1926,June,12.11,211.87,3930.37
667,1926,July,12.62,223.32,4160.55
668,1926,August,13.12,233.5,4368.49
669,1926,September,13.32,235.7,4428.15
670,1926,October,13.02,229.09,4322.42
671,1926,November,13.19,230.77,4372.89
672,1926,December,13.49,236.01,4491.42
673,1927,January,13.4,237.12,4531.99
674,1927,February,13.66,243.11,4666.41
675,1927,March,13.87,248.27,4785.87
676,1927,April,14.21,254.36,4923.79
677,1927,May,14.7,261.62,5085.07
678,1927,June,14.89,261.99,5113.07
679,1927,July,15.22,272.44,5338.46
680,1927,August,16.03,288.61,5677.12
681,1927,September,16.94,303.23,5986.73
682,1927,October,16.68,296.86,5883.12
683,1927,November,17.06,305.37,6074.49
684,1927,December,17.46,312.53,6239.77
685,1928,January,17.53,313.79,6287.91
686,1928,February,17.32,313.65,6308.94
687,1928,March,18.25,330.5,6671.68
688,1928,April,19.4,351.32,7116.36
689,1928,May,20,360.08,7318.21
690,1928,June,19.02,344.44,7025.16
691,1928,July,19.16,346.98,7102.01
692,1928,August,19.78,358.2,7357.25
693,1928,September,21.17,378.94,7808.67
694,1928,October,21.6,388.89,8039.46
695,1928,November,23.06,415.17,8609.03
696,1928,December,23.15,419.23,8719.77
697,1929,January,24.86,450.2,9390.86
698,1929,February,24.99,452.55,9467.35
699,1929,March,25.43,463.23,9718.66
700,1929,April,25.28,463.22,9747.01
701,1929,May,25.66,467.42,9864.08
702,1929,June,26.15,473.56,10022.63
703,1929,July,28.48,509.79,10818.52
704,1929,August,30.1,538.79,11463.34
705,1929,September,31.3,560.27,11950.18
706,1929,October,27.99,501.02,10716.66
707,1929,November,20.58,368.38,7910.19
708,1929,December,21.4,385.29,8304.44
709,1930,January,21.71,393.15,8505.58
710,1930,February,23.07,420.24,9123.49
711,1930,March,23.94,438.67,9555.8
712,1930,April,25.46,463.78,10134.93
713,1930,May,23.94,438.67,9618.75
714,1930,June,21.52,396.67,8730.74
715,1930,July,21.06,392.87,8680.44
716,1930,August,20.79,390.18,8654.84
717,1930,September,20.78,387.65,8632.27
718,1930,October,17.92,336.32,7523.38
719,1930,November,16.62,313.82,7054.61
720,1930,December,15.51,298.32,6741.44
721,1931,January,15.98,311.23,7068.55
722,1931,February,17.2,339.26,7740.71
723,1931,March,17.53,347.98,7975.27
724,1931,April,15.86,316.86,7297.42
725,1931,May,14.33,290.04,6715.11
726,1931,June,13.87,284.45,6621.25
727,1931,July,14.33,293.88,6876.12
728,1931,August,13.9,285.06,6704.71
729,1931,September,11.83,244.23,5779.08
730,1931,October,10.25,213.03,5075.53
731,1931,November,10.39,218.88,5249.71
732,1931,December,8.44,179.01,4328.41
733,1932,January,8.3,179.74,4380.53
734,1932,February,8.23,180.75,4439.4
735,1932,March,8.26,182.71,4520.91
736,1932,April,6.28,139.91,3494.7
737,1932,May,5.51,124.55,3143.28
738,1932,June,4.77,108.61,2772.75
739,1932,July,5.01,114.08,2942.93
740,1932,August,7.53,172.73,4485.9
741,1932,September,8.26,190.89,4986.51
742,1932,October,7.12,165.78,4358.67
743,1932,November,7.05,165.39,4375.58
744,1932,December,6.82,161.22,4291.2
745,1933,January,7.09,170.2,4556.61
746,1933,February,6.25,152.4,4106.67
747,1933,March,6.23,153.11,4152.78
748,1933,April,6.89,169.34,4619.39
749,1933,May,8.87,218,5973.42
750,1933,June,10.39,253.34,6968.12
751,1933,July,11.23,265.47,7326.7
752,1933,August,10.67,250.32,6933.42
753,1933,September,10.58,248.21,6899.58
754,1933,October,9.55,224.04,6252.34
755,1933,November,9.78,229.44,6427.19
756,1933,December,9.97,233.89,6576.15
757,1934,January,10.54,247.27,6976.35
758,1934,February,11.32,263.57,7460.47
759,1934,March,10.74,250.06,7102.52
760,1934,April,10.92,254.26,7245.99
761,1934,May,9.81,228.41,6534.01
762,1934,June,9.94,229.71,6595.71
763,1934,July,9.47,218.85,6308.49
764,1934,August,9.1,210.3,6086.81
765,1934,September,8.88,202.2,5876.88
766,1934,October,8.95,205.3,5991.99
767,1934,November,9.2,211.03,6184.43
768,1934,December,9.26,214,6296.61
769,1935,January,9.26,210.85,6229.14
770,1935,February,8.98,202.98,6021.73
771,1935,March,8.41,190.1,5664.65
772,1935,April,9.04,202.86,6069.76
773,1935,May,9.75,218.79,6571.29
774,1935,June,10.12,228.75,6895.34
775,1935,July,10.65,240.73,7281.44
776,1935,August,11.37,257,7798.78
777,1935,September,11.61,262.43,7988.54
778,1935,October,11.92,269.44,8227.65
779,1935,November,13.04,292.62,8961.76
780,1935,December,13.04,292.62,8988.68
781,1936,January,13.76,308.77,9512.56
782,1936,February,14.55,326.5,10086.93
783,1936,March,14.86,335.89,10406.14
784,1936,April,14.88,336.34,10450.29
785,1936,May,14.09,318.49,9926.68
786,1936,June,14.69,329.64,10306.46
787,1936,July,15.56,346.65,10871.39
788,1936,August,15.87,351.03,11042.89
789,1936,September,16.05,355.01,11203.51
790,1936,October,16.89,373.6,11827.48
791,1936,November,17.36,383.99,12196.48
792,1936,December,17.06,377.36,12027.87
793,1937,January,17.59,386.32,12356.17
794,1937,February,18.11,397.74,12764.76
795,1937,March,18.09,394.5,12704.61
796,1937,April,17.01,368.36,11907.92
797,1937,May,16.25,349.45,11343.8
798,1937,June,15.64,336.34,10966.84
799,1937,July,16.57,353.88,11586.22
800,1937,August,16.74,357.51,11751.32
801,1937,September,14.37,304.79,10063.24
802,1937,October,12.28,260.46,8645.15
803,1937,November,11.2,239.19,7985.87
804,1937,December,11.02,236.98,7959.95
805,1938,January,11.31,246.65,8332.91
806,1938,February,11.04,242.47,8240.32
807,1938,March,10.31,226.43,7743.96
808,1938,April,9.89,215.68,7423.83
809,1938,May,9.98,219.19,7591.97
810,1938,June,10.21,224.24,7813.85
811,1938,July,12.24,268.82,9412.93
812,1938,August,12.31,270.36,9510.77
813,1938,September,11.75,258.06,9120.6
814,1938,October,13.06,288.88,10249.6
815,1938,November,13.07,289.1,10294.07
816,1938,December,12.69,280.69,10028.25
817,1939,January,12.5,276.49,9911.91
818,1939,February,12.4,276.25,9937.74
819,1939,March,12.39,276.03,9964.46
820,1939,April,10.83,243.02,8808.29
821,1939,May,11.23,252,9169.32
822,1939,June,11.43,256.49,9368.68
823,1939,July,11.71,262.77,9635.07
824,1939,August,11.54,258.96,9532.9
825,1939,September,12.77,280.46,10362.26
826,1939,October,12.9,285.34,10582.02
827,1939,November,12.67,280.25,10434.36
828,1939,December,12.37,273.62,10229.85
829,1940,January,12.3,274.02,10288.41
830,1940,February,12.22,270.3,10191.85
831,1940,March,12.15,268.75,10177.25
832,1940,April,12.27,271.4,10322.21
833,1940,May,10.58,234.02,8945.59
834,1940,June,9.67,212.38,8163.65
835,1940,July,9.99,220.97,8540.57
836,1940,August,10.2,225.62,8767.36
837,1940,September,10.63,235.13,9184.96
838,1940,October,10.73,237.34,9319.61
839,1940,November,10.98,242.87,9585.24
840,1940,December,10.53,231.26,9175.61
841,1941,January,10.55,231.7,9241.93
842,1941,February,9.89,217.21,8713.16
843,1941,March,9.95,216.99,8753.86
844,1941,April,9.64,208.76,8471.56
845,1941,May,9.43,202.79,8279.4
846,1941,June,9.76,205.6,8443.71
847,1941,July,10.26,216.14,8926.27
848,1941,August,10.21,212.2,8813.37
849,1941,September,10.24,210,8771.87
850,1941,October,9.83,198.96,8360.13
851,1941,November,9.37,188.42,7966.93
852,1941,December,8.76,175.01,7450.2
853,1942,January,8.93,176.14,7547.24
854,1942,February,8.65,169.53,7313.09
855,1942,March,8.18,158.32,6877.29
856,1942,April,7.84,150.8,6597.84
857,1942,May,7.93,150.66,6638.11
858,1942,June,8.33,158.25,7018.98
859,1942,July,8.64,163.14,7280.93
860,1942,August,8.59,161.22,7239.13
861,1942,September,8.68,162.91,7358.52
862,1942,October,9.32,172.82,7849.04
863,1942,November,9.47,174.56,7969.75
864,1942,December,9.52,174.44,8005.55
865,1943,January,10.09,184.89,8526.22
866,1943,February,10.69,195.88,9074.78
867,1943,March,11.07,199.31,9274.46
868,1943,April,11.44,203.6,9515
869,1943,May,11.89,210.4,9873.43
870,1943,June,12.1,214.11,10088.64
871,1943,July,12.35,219.79,10397.73
872,1943,August,11.74,210.15,9983.39
873,1943,September,11.99,213.39,10179.66
874,1943,October,11.88,211.43,10128.96
875,1943,November,11.33,201.64,9703.13
876,1943,December,11.48,204.31,9875.12
877,1944,January,11.85,210.9,10237.37
878,1944,February,11.77,209.47,10212.65
879,1944,March,12.1,215.35,10543.81
880,1944,April,11.89,210.4,10346.62
881,1944,May,12.1,214.11,10574.81
882,1944,June,12.67,222.93,11055.67
883,1944,July,13,227.44,11325.32
884,1944,August,12.81,224.12,11206.02
885,1944,September,12.6,220.44,11068.97
886,1944,October,12.91,225.87,11388.16
887,1944,November,12.82,224.29,11355.81
888,1944,December,13.1,227.9,11585.62
889,1945,January,13.49,234.69,11977.95
890,1945,February,13.94,242.52,12425.36
891,1945,March,13.93,242.34,12464.73
892,1945,April,14.28,248.43,12826.38
893,1945,May,14.82,256.39,13285.43
894,1945,June,15.09,258.17,13426.01
895,1945,July,14.78,252.87,13198.64
896,1945,August,14.83,253.72,13292.16
897,1945,September,15.84,271,14246.72
898,1945,October,16.5,282.3,14889.8
899,1945,November,17.04,291.53,15426.73
900,1945,December,17.33,294.87,15652.59
901,1946,January,18.02,306.61,16325.98
902,1946,February,18.07,309.16,16512.85
903,1946,March,17.53,296.64,15895.53
904,1946,April,18.66,314.05,16879.31
905,1946,May,18.7,313.02,16875.04
906,1946,June,18.58,307.68,16638.02
907,1946,July,18.05,282.3,15313.61
908,1946,August,17.7,271.34,14766.89
909,1946,September,15.09,229.06,12513.48
910,1946,October,14.75,219.6,12043.53
911,1946,November,14.69,213.57,11759.71
912,1946,December,15.13,217.92,12046.19
913,1947,January,15.21,219.07,12157.22
914,1947,February,15.8,227.57,12676.53
915,1947,March,15.16,214.37,11988.16
916,1947,April,14.6,206.45,11593.65
917,1947,May,14.34,202.77,11436.59
918,1947,June,14.84,208.89,11831.84
919,1947,July,15.77,219.98,12510.75
920,1947,August,15.46,212.78,12152.17
921,1947,September,15.06,202.77,11631.03
922,1947,October,15.45,208.02,11984.15
923,1947,November,15.27,204.7,11846.25
924,1947,December,15.03,198.9,11564.18
925,1948,January,14.83,193.77,11319.25
926,1948,February,14.1,185.8,10907.97
927,1948,March,14.3,189.24,11165
928,1948,April,15.4,200.37,11876.14
929,1948,May,16.15,209.25,12456.81
930,1948,June,16.82,216.13,12920.11
931,1948,July,16.42,208.39,12511.94
932,1948,August,15.94,201.48,12151.2
933,1948,September,15.76,199.2,12069.26
934,1948,October,16.19,205.47,12506.4
935,1948,November,15.29,195.66,11967.85
936,1948,December,15.19,195.18,11999.82
937,1949,January,15.36,198.19,12247.26
938,1949,February,14.77,192.18,11940.34
939,1949,March,14.91,194,12119.54
940,1949,April,14.89,192.93,12119.64
941,1949,May,14.78,192.31,12149.22
942,1949,June,13.97,181.01,11504.93
943,1949,July,14.76,192.86,12329.16
944,1949,August,15.29,198.94,12789.84
945,1949,September,15.49,200.7,12975.11
946,1949,October,15.89,207.62,13498.05
947,1949,November,16.11,209.61,13705.44
948,1949,December,16.54,217.03,14272.01
949,1950,January,16.88,222.44,14710.42
950,1950,February,17.21,226.78,15082.25
951,1950,March,17.35,227.66,15225.59
952,1950,April,17.84,234.09,15741.89
953,1950,May,18.44,240.94,16289.8
954,1950,June,18.74,243.83,16573.23
955,1950,July,17.38,223.32,15269.64
956,1950,August,18.43,234.87,16152.3
957,1950,September,19.08,242.15,16750.17
958,1950,October,19.87,250.13,17401.78
959,1950,November,19.83,248.61,17399.9
960,1950,December,19.75,244.64,17227.94
961,1951,January,21.21,258.59,18316.51
962,1951,February,22,265.09,18883.88
963,1951,March,21.63,259.62,18602.63
964,1951,April,21.92,263.1,18961.94
965,1951,May,21.93,262.2,19008.41
966,1951,June,21.55,257.66,18791.71
967,1951,July,21.93,262.2,19235.47
968,1951,August,22.89,273.68,20189.59
969,1951,September,23.48,278.58,20662.16
970,1951,October,23.36,276.1,20586.46
971,1951,November,22.71,266.39,19967.45
972,1951,December,23.41,273.56,20608.17
973,1952,January,24.19,282.68,21398.49
974,1952,February,23.75,279.65,21274.26
975,1952,March,23.81,280.35,21434
976,1952,April,23.74,278.47,21396.91
977,1952,May,23.73,278.35,21496.05
978,1952,June,24.38,284.9,22110.57
979,1952,July,25.08,290.88,22683.79
980,1952,August,25.18,292.04,22883.53
981,1952,September,24.78,287.4,22629.82
982,1952,October,24.26,281.37,22264.28
983,1952,November,25.03,290.3,23079.79
984,1952,December,26.04,302.02,24119.44
985,1953,January,26.18,304.78,24449.52
986,1953,February,25.86,302.19,24351.95
987,1953,March,25.99,302.57,24492.59
988,1953,April,24.71,287.67,23397.33
989,1953,May,24.84,288.1,23543.7
990,1953,June,23.95,276.74,22727.18
991,1953,July,24.29,280.67,23162.11
992,1953,August,24.39,280.78,23283.43
993,1953,September,23.27,267.88,22327.21
994,1953,October,23.97,274.92,23027.58
995,1953,November,24.5,282.04,23739.95
996,1953,December,24.83,285.84,24176.8
997,1954,January,25.46,293.09,24908.42
998,1954,February,26.02,299.54,25575.59
999,1954,March,26.57,305.87,26236.61
1000,1954,April,27.63,319.26,27505.97
1001,1954,May,28.73,330.74,28615.11
1002,1954,June,28.96,333.38,28964.54
1003,1954,July,30.13,346.85,30256.13
1004,1954,August,30.73,353.76,30981.1
1005,1954,September,31.45,363.4,31949.25
1006,1954,October,32.18,371.84,32817.26
1007,1954,November,33.44,386.39,34231.1
1008,1954,December,34.97,405.59,36063.23
1009,1955,January,35.6,412.89,36845.84
1010,1955,February,36.79,426.7,38211.46
1011,1955,March,36.5,423.33,38045.28
1012,1955,April,37.76,437.95,39494.42
1013,1955,May,37.6,436.09,39463.62
1014,1955,June,39.78,461.37,41888.99
1015,1955,July,42.69,493.28,44924.24
1016,1955,August,42.43,490.27,44791.24
1017,1955,September,44.34,510.44,46775.51
1018,1955,October,42.11,484.77,44566.02
1019,1955,November,44.95,517.46,47715.71
1020,1955,December,45.37,524.24,48486.88
1021,1956,January,44.15,510.15,47331.79
1022,1956,February,44.43,513.38,47783.85
1023,1956,March,47.49,548.74,51229.88
1024,1956,April,48.05,553.15,51798.32
1025,1956,May,46.54,533.78,50143.73
1026,1956,June,46.27,526.78,49646.68
1027,1956,July,48.78,551.3,52118.77
1028,1956,August,48.49,550.03,52161.93
1029,1956,September,46.84,529.38,50367.44
1030,1956,October,46.24,520.7,49702.75
1031,1956,November,45.76,515.29,49345.65
1032,1956,December,46.44,521.05,50053.28
1033,1957,January,45.43,509.72,49120.68
1034,1957,February,43.47,485.97,46987.38
1035,1957,March,44.03,490.46,47576.77
1036,1957,April,45.05,500.02,48659.68
1037,1957,May,46.78,517.37,50503
1038,1957,June,47.55,524.01,51306.69
1039,1957,July,48.51,530.82,52127.97
1040,1957,August,45.84,501.6,49415.55
1041,1957,September,43.98,481.25,47568.57
1042,1957,October,41.24,451.27,44764.53
1043,1957,November,40.35,439.97,43804.7
1044,1957,December,40.33,439.75,43944.92
1045,1958,January,41.12,445.23,44653.2
1046,1958,February,41.26,446.75,44966.01
1047,1958,March,42.11,452.79,45733.29
1048,1958,April,42.34,453.68,45982.41
1049,1958,May,43.7,468.26,47617.18
1050,1958,June,44.75,479.51,48918.39
1051,1958,July,45.98,490.99,50246.69
1052,1958,August,47.7,511.12,52464.76
1053,1958,September,48.96,524.62,54009.19
1054,1958,October,50.95,545.94,56364.06
1055,1958,November,52.5,560.61,58038.66
1056,1958,December,53.49,573.16,59499.49
1057,1959,January,55.62,593.93,61817.72
1058,1959,February,54.77,586.87,61247.52
1059,1959,March,56.16,601.77,62966.86
1060,1959,April,57.1,609.73,63965.46
1061,1959,May,57.96,618.91,65095.34
1062,1959,June,57.46,611.47,64478.98
1063,1959,July,59.74,633.55,66975.35
1064,1959,August,59.4,629.95,66762.64
1065,1959,September,57.05,602.96,64071.47
1066,1959,October,57,600.38,63967.02
1067,1959,November,57.23,602.8,64395.65
1068,1959,December,59.06,622.08,66626.37
1069,1960,January,58.03,613.32,65863.93
1070,1960,February,55.78,587.53,63274.25
1071,1960,March,55.02,579.53,62595.53
1072,1960,April,55.73,585.01,63371.98
1073,1960,May,55.22,579.66,62976.51
1074,1960,June,57.26,599.04,65267.14
1075,1960,July,55.84,584.19,63833.8
1076,1960,August,56.51,591.2,64785.47
1077,1960,September,54.81,573.41,63022.82
1078,1960,October,53.73,558.34,61551.95
1079,1960,November,55.47,576.42,63731.41
1080,1960,December,56.8,590.24,65446.19
1081,1961,January,59.72,620.59,68997.6
1082,1961,February,62.17,646.05,72015.31
1083,1961,March,64.12,666.31,74461.38
1084,1961,April,65.83,684.08,76634.92
1085,1961,May,66.5,691.04,77603.09
1086,1961,June,65.62,681.9,76764.82
1087,1961,July,65.44,675.49,76232.4
1088,1961,August,67.79,702.09,79424.33
1089,1961,September,67.26,694.28,78731.42
1090,1961,October,68,701.92,79790.77
1091,1961,November,71.08,733.71,83600.39
1092,1961,December,71.74,740.52,84574.63
1093,1962,January,69.07,712.96,81626.06
1094,1962,February,70.22,722.43,82908.99
1095,1962,March,70.29,723.15,83192.36
1096,1962,April,68.05,697.78,80475.69
1097,1962,May,62.99,645.9,74694.11
1098,1962,June,55.63,570.43,66170.12
1099,1962,July,56.97,582.24,67744.54
1100,1962,August,58.52,598.08,69793.14
1101,1962,September,58,590.82,69151.47
1102,1962,October,56.17,572.18,67177.94
1103,1962,November,60.04,611.6,72016.99
1104,1962,December,62.64,638.08,75348.55
1105,1963,January,65.06,662.74,78473.71
1106,1963,February,65.92,671.5,79726.45
1107,1963,March,65.67,666.76,79379.67
1108,1963,April,68.76,698.13,83333
1109,1963,May,70.14,712.14,85225.99
1110,1963,June,70.11,709.51,85133.18
1111,1963,July,69.07,696.71,83819.36
1112,1963,August,70.98,715.97,86360.38
1113,1963,September,72.85,734.84,88859.66
1114,1963,October,73.03,734.26,89016.27
1115,1963,November,72.62,730.14,88745.74
1116,1963,December,74.17,743.31,90578.04
1117,1964,January,76.45,766.16,93596.15
1118,1964,February,77.39,775.58,94982.99
1119,1964,March,78.8,789.71,96951.83
1120,1964,April,79.94,801.13,98595.03
1121,1964,May,80.72,808.95,99799.96
1122,1964,June,80.24,801.55,99130.9
1123,1964,July,83.22,828.64,102728.19
1124,1964,August,82,819.13,101798.47
1125,1964,September,83.41,830.53,103467.57
1126,1964,October,84.85,844.87,105508.14
1127,1964,November,85.44,848.02,106157.42
1128,1964,December,83.96,833.33,104577.41
1129,1965,January,86.12,854.77,107529.04
1130,1965,February,86.75,861.02,108579.25
1131,1965,March,86.83,859.06,108597.28
1132,1965,April,87.97,867.57,109939.68
1133,1965,May,89.28,880.49,111846.58
1134,1965,June,85.04,833.37,106131.35
1135,1965,July,84.91,832.09,106242.28
1136,1965,August,86.49,847.58,108494.85
1137,1965,September,89.38,875.9,112398.19
1138,1965,October,91.39,892.77,114843.25
1139,1965,November,92.15,900.19,116081.03
1140,1965,December,91.73,893.27,115473.22
1141,1966,January,93.32,908.76,117762.2
1142,1966,February,92.69,896.98,116524.58
1143,1966,March,88.88,857.43,111677.11
1144,1966,April,91.6,878.2,114673.13
1145,1966,May,86.78,831.99,108932.52
1146,1966,June,86.06,822.54,107990.42
1147,1966,July,85.84,817.91,107680.04
1148,1966,August,80.65,763.76,100848.97
1149,1966,September,77.81,736.86,97598.83
1150,1966,October,77.13,725.98,96457.33
1151,1966,November,80.99,762.32,101584.36
1152,1966,December,81.33,765.52,102310.8
1153,1967,January,84.45,794.88,106537.58
1154,1967,February,87.36,822.27,110512.51
1155,1967,March,89.42,839.11,113080.46
1156,1967,April,90.96,850.99,114985.11
1157,1967,May,92.59,863.63,116997.67
1158,1967,June,91.43,850.24,115489.4
1159,1967,July,93.01,862.35,117438.46
1160,1967,August,94.49,873.45,119256.66
1161,1967,September,95.81,883.02,120868.95
1162,1967,October,95.66,879.02,120627.69
1163,1967,November,92.66,848.94,116804.92
1164,1967,December,95.3,870.55,120084.3
1165,1968,January,95.04,863.08,119360.16
1166,1968,February,90.75,821.71,113945.91
1167,1968,March,89.09,804.33,111843.26
1168,1968,April,95.67,861.23,120063.74
1169,1968,May,97.87,878.48,122779.08
1170,1968,June,100.5,896.88,125662.55
1171,1968,July,100.3,889.97,125004.92
1172,1968,August,98.11,868.05,122238.56
1173,1968,September,101.3,893.72,126167.21
1174,1968,October,103.8,910.59,128862.52
1175,1968,November,105.4,922.01,130794.54
1176,1968,December,106.5,929.01,132103.87
1177,1969,January,102,887.26,126484.09
1178,1969,February,101.5,877.98,125478.45
1179,1969,March,99.3,851.81,122055.27
1180,1969,April,101.3,864.18,124144.36
1181,1969,May,104.6,889.88,128154.14
1182,1969,June,99.14,838.82,121118.72
1183,1969,July,94.71,796.98,115395.38
1184,1969,August,94.18,788.24,114446.79
1185,1969,September,94.51,788.87,114856.36
1186,1969,October,95.52,793.02,115779
1187,1969,November,96.21,794.49,116310.54
1188,1969,December,91.11,748.38,109877.37
1189,1970,January,90.31,739.85,108941.52
1190,1970,February,87.16,710.29,104904.94
1191,1970,March,88.65,718.65,106455.94
1192,1970,April,85.95,691.33,102724.45
1193,1970,May,76.06,610.19,90984.33
1194,1970,June,75.59,603.3,90271.38
1195,1970,July,75.72,601.24,90278.08
1196,1970,August,77.92,618.71,93217.67
1197,1970,September,82.58,652.36,98604.9
1198,1970,October,84.37,663.12,100545.03
1199,1970,November,84.28,659.07,100242.42
1200,1970,December,90.05,700.65,106876.69
1201,1971,January,93.49,727.41,111269.06
1202,1971,February,97.11,753.69,115596.47
1203,1971,March,99.6,771.08,118571.82
1204,1971,April,103,795.41,122621.1
1205,1971,May,101.6,780.71,120660.48
1206,1971,June,99.72,760.6,117857.24
1207,1971,July,99,753.25,117023.04
1208,1971,August,97.24,738.05,114964.87
1209,1971,September,99.4,754.44,117823.03
1210,1971,October,97.29,736.62,115343.82
1211,1971,November,92.78,702.47,110300.88
1212,1971,December,99.17,747.2,117626.54
1213,1972,January,103.3,778.32,122828.62
1214,1972,February,105.2,788.8,124784.78
1215,1972,March,107.7,805.59,127744.35
1216,1972,April,108.8,811.86,129040.83
1217,1972,May,107.7,801.72,127731.83
1218,1972,June,108,802.02,128083.16
1219,1972,July,107.2,792.28,126829.83
1220,1972,August,111,818.41,131315.6
1221,1972,September,109.4,804.7,129418.27
1222,1972,October,109.6,802.36,129346.32
1223,1972,November,115.1,840.64,135823.65
1224,1972,December,117.5,856.15,138638.55
1225,1973,January,118.4,860.68,139682.18
1226,1973,February,114.2,824.34,134093.91
1227,1973,March,112.4,803.86,131068.44
1228,1973,April,110.3,783.41,128042.19
1229,1973,May,107.2,756.19,123900.9
1230,1973,June,104.8,734.24,120612.9
1231,1973,July,105.8,739.57,121798.64
1232,1973,August,103.8,712.72,117683.12
1233,1973,September,105.6,723.48,119767.25
1234,1973,October,109.8,745.65,123748.13
1235,1973,November,102,688.16,114517.87
1236,1973,December,94.78,635.29,106035
1237,1974,January,96.11,638.68,106914.25
1238,1974,February,93.45,613.11,102946.77
1239,1974,March,97.44,631.26,106306.69
1240,1974,April,92.46,596.5,100766.48
1241,1974,May,89.67,571.36,96831.49
1242,1974,June,89.79,567.45,96481.95
1243,1974,July,79.31,497.16,84844.37
1244,1974,August,76.03,470.88,80673.02
1245,1974,September,68.12,416.89,71736.57
1246,1974,October,69.44,420.81,72723.38
1247,1974,November,71.74,431.37,74860.04
1248,1974,December,67.07,400.18,69758.17
1249,1975,January,72.56,431.28,75491.35
1250,1975,February,80.1,472.47,83014.77
1251,1975,March,83.78,492.3,86814.92
1252,1975,April,84.72,495.94,87773.93
1253,1975,May,90.1,524.46,93138.82
1254,1975,June,92.4,533.83,95120.8
1255,1975,July,92.49,528.44,94474.17
1256,1975,August,85.71,488.8,87702.71
1257,1975,September,84.67,480.22,86477.11
1258,1975,October,88.57,499.59,90279.22
1259,1975,November,90.07,504.38,91455.26
1260,1975,December,88.7,494.91,90049.9
1261,1976,January,96.86,539.47,98468.27
1262,1976,February,100.6,558.29,102215.02
1263,1976,March,101.1,560.07,102851.16
1264,1976,April,101.9,562.48,103609.13
1265,1976,May,101.2,554.67,102483.28
1266,1976,June,101.8,555.01,102862.02
1267,1976,July,104.2,565.11,105051.34
1268,1976,August,103.3,557.3,103918.94
1269,1976,September,105.5,567.19,106085.24
1270,1976,October,101.9,545,102260.86
1271,1976,November,101.2,540.32,101715.83
1272,1976,December,104.7,557.09,105210.09
1273,1977,January,103.8,549.47,104112.1
1274,1977,February,101,529.22,100618.02
1275,1977,March,100.6,523.58,99891.29
1276,1977,April,99.05,511.21,97881.08
1277,1977,May,98.76,507.18,97461.57
1278,1977,June,99.29,506.54,97695.1
1279,1977,July,100.2,508.67,98465.16
1280,1977,August,97.75,494.61,96107.16
1281,1977,September,96.23,485.33,94672.02
1282,1977,October,93.74,471.24,92295.27
1283,1977,November,94.28,471.66,92753.74
1284,1977,December,93.82,467.85,92385.56
1285,1978,January,90.25,447.16,88685.67
1286,1978,February,88.98,438.07,87268.68
1287,1978,March,88.82,433.83,86813.97
1288,1978,April,92.71,449.29,90297.94
1289,1978,May,97.41,467.67,94384.95
1290,1978,June,97.66,463.84,94003.46
1291,1978,July,97.19,458.1,93232.87
1292,1978,August,103.9,487.5,99613.18
1293,1978,September,103.9,483.83,99262.27
1294,1978,October,100.6,464.27,95647.57
1295,1978,November,94.71,435.15,90045.32
1296,1978,December,96.11,439.62,91371.36
1297,1979,January,99.71,452.08,94362.67
1298,1979,February,98.23,440.22,92287.75
1299,1979,March,100.1,444.1,93504.52
1300,1979,April,102.1,447.84,94695.82
1301,1979,May,99.73,431.94,91737.35
1302,1979,June,101.7,435.59,92919.15
1303,1979,July,102.7,435.06,93212.31
1304,1979,August,107.4,450.66,96962.07
1305,1979,September,108.6,450.81,97404.12
1306,1979,October,104.5,430.33,93390.98
1307,1979,November,103.7,423.09,92234.76
1308,1979,December,107.8,435.23,95295.8
1309,1980,January,110.9,441.42,97064.07
1310,1980,February,115.3,452.53,99921.74
1311,1980,March,104.7,404.77,89788.78
1312,1980,April,103,393.78,87762.63
1313,1980,May,107.7,407.72,91284.22
1314,1980,June,114.6,429.12,96490.43
1315,1980,July,119.8,448.59,101288.52
1316,1980,August,123.5,459.11,104086.26
1317,1980,September,126.5,466.35,106148.98
1318,1980,October,130.2,475.46,108645.57
1319,1980,November,135.7,491.49,112730.75
1320,1980,December,133.5,479.04,110297.56
1321,1981,January,133,473.4,109423.76
1322,1981,February,128.4,452.35,104981
1323,1981,March,133.2,466.08,108592.16
1324,1981,April,134.4,467.11,109258.87
1325,1981,May,131.7,454.16,106656.41
1326,1981,June,132.3,452.2,106623.68
1327,1981,July,129.1,436.45,103336.22
1328,1981,August,129.6,434.81,103378.44
1329,1981,September,118.3,393.07,93882.7
1330,1981,October,119.8,397.2,95302.2
1331,1981,November,122.9,406.17,97890.95
1332,1981,December,123.8,407.84,98731.77
1333,1982,January,117.3,385.2,93691.55
1334,1982,February,114.5,374.81,91608.95
1335,1982,March,110.8,363.08,89190.99
1336,1982,April,116.3,379.5,93674.63
1337,1982,May,116.4,376.26,93325.19
1338,1982,June,109.7,350.21,87314.67
1339,1982,July,109.4,347.47,87079.61
1340,1982,August,109.7,347.71,87592.21
1341,1982,September,122.4,387.17,97987.98
1342,1982,October,132.7,418.46,106365.19
1343,1982,November,138.1,436.38,111378.82
1344,1982,December,139.4,442.3,113351.67
1345,1983,January,144.3,456.91,117561.58
1346,1983,February,146.8,464.35,119943.92
1347,1983,March,151.9,480.48,124581.4
1348,1983,April,157.7,495.28,128889.66
1349,1983,May,164.1,512.27,133778.37
1350,1983,June,166.4,517.88,135714.43
1351,1983,July,167,517.67,136129.58
1352,1983,August,162.4,501.9,132456.28
1353,1983,September,167.2,514.17,136167.54
1354,1983,October,167.7,514.18,136644.76
1355,1983,November,165.2,505.51,134820.13
1356,1983,December,164.4,502.56,134516.51
1357,1984,January,166.4,505.68,135833.9
1358,1984,February,157.3,475.69,128262.51
1359,1984,March,157.4,475.07,128580.8
1360,1984,April,157.6,473.37,128609.16
1361,1984,May,156.6,469,127915.07
1362,1984,June,153.1,457.19,125190.53
1363,1984,July,151.1,449.48,123578.16
1364,1984,August,164.4,487.18,134440.46
1365,1984,September,166.1,489.87,135684.38
1366,1984,October,164.8,484.65,134743.24
1367,1984,November,166.3,489.06,136479.31
1368,1984,December,164.5,483.77,135517.06
1369,1985,January,171.6,503.69,141617.07
1370,1985,February,180.9,528.48,149109.26
1371,1985,March,179.4,522.13,147841.13
1372,1985,April,180.6,523.17,148659.32
1373,1985,May,184.9,533.63,152158.57
1374,1985,June,188.9,543.65,155546.16
1375,1985,July,192.5,552.98,158748.84
1376,1985,August,188.3,539.92,155533.16
1377,1985,September,184.1,526.41,152180.94
1378,1985,October,186.2,530.46,153889.9
1379,1985,November,197.5,561.1,163321.05
1380,1985,December,207.3,587.33,171497.48
1381,1986,January,208.2,588.26,172316.47
1382,1986,February,219.4,621.61,182636.44
1383,1986,March,232.3,661.18,194822.43
1384,1986,April,238,678.65,200533.84
1385,1986,May,238.5,678.2,200966.84
1386,1986,June,245.3,693.72,206129.78
1387,1986,July,240.2,679.29,202414.41
1388,1986,August,245,691.61,206656.78
1389,1986,September,238.3,669.64,200669.22
1390,1986,October,237.4,666.51,200308.28
1391,1986,November,245.1,687.5,207198.39
1392,1986,December,248.6,696.69,210549.74
1393,1987,January,264.5,736.58,223188.06
1394,1987,February,280.9,779.45,236759.95
1395,1987,March,292.5,808.02,246020.69
1396,1987,April,289.3,794.92,242619.37
1397,1987,May,289.1,791.56,242183.31
1398,1987,June,301.4,822.33,252190.06
1399,1987,July,310.1,843.84,259381.35
1400,1987,August,329.4,891.66,274676.89
1401,1987,September,318.7,858.19,264966.57
1402,1987,October,280.2,752.56,232953.49
1403,1987,November,245,657.45,204118.69
1404,1987,December,241,646.71,201397.8
1405,1988,January,250.5,670.46,209409.11
1406,1988,February,258.1,689.02,215823.06
1407,1988,March,265.7,706.26,221845.61
1408,1988,April,262.6,694.44,218759.84
1409,1988,May,256.1,674.95,213250.83
1410,1988,June,270.7,710.4,225090.69
1411,1988,July,269.1,703.23,223458.29
1412,1988,August,263.7,686.22,218700.71
1413,1988,September,268,692.75,221432.12
1414,1988,October,277.4,714.66,229091.41
1415,1988,November,271,697.59,224282.8
1416,1988,December,276.5,710.57,229126.17
1417,1989,January,285.4,729.81,236003.84
1418,1989,February,294,748.71,242794.91
1419,1989,March,292.7,741.13,241022.74
1420,1989,April,302.3,760.47,247997.75
1421,1989,May,313.9,785.18,256750.9
1422,1989,June,323.7,807.74,264831.78
1423,1989,July,331.9,826.2,271594.61
1424,1989,August,346.6,861.41,283886.45
1425,1989,September,347.3,860.39,284279.55
1426,1989,October,347.4,856.52,283735.93
1427,1989,November,340.2,836.77,277935
1428,1989,December,348.6,856.07,285097.67
1429,1990,January,339.97,826.36,275954.09
1430,1990,February,330.45,799.46,267725.43
1431,1990,March,338.46,814.38,273483.67
1432,1990,April,338.18,812.45,273602.34
1433,1990,May,350.25,839.49,283486.64
1434,1990,June,360.39,859.14,290904.13
1435,1990,July,360.03,854.99,290285.01
1436,1990,August,330.75,778.29,265029.93
1437,1990,September,315.41,736.04,251426.35
1438,1990,October,307.12,712.4,244138.5
1439,1990,November,315.29,729.72,250865.13
1440,1990,December,328.75,760.87,262376.41
1441,1991,January,325.49,748.85,259031.03
1442,1991,February,362.26,832.2,288667.69
1443,1991,March,372.28,853.96,297015.63
1444,1991,April,379.68,869.64,303276.73
1445,1991,May,377.99,863.22,301841.88
1446,1991,June,378.29,861.36,301999.11
1447,1991,July,380.23,864.51,303912.13
1448,1991,August,389.4,882.76,311142.84
1449,1991,September,387.2,873.94,308846.07
1450,1991,October,386.88,871.94,308954.93
1451,1991,November,385.92,867.26,308105
1452,1991,December,388.51,872.44,310758.93
1453,1992,January,416.08,933,333144.15
1454,1992,February,412.56,921.77,329950.53
1455,1992,March,407.36,905.58,324971.57
1456,1992,April,407.41,904.39,325363.35
1457,1992,May,414.81,919.5,331617.56
1458,1992,June,408.27,901.78,326043.02
1459,1992,July,415.05,914.79,331569.45
1460,1992,August,417.93,918.53,333743.31
1461,1992,September,418.48,917.13,334059.34
1462,1992,October,412.5,900.84,328945.69
1463,1992,November,422.84,922.12,337538.1
1464,1992,December,435.64,950.7,348825.75
1465,1993,January,435.23,945.15,347610.97
1466,1993,February,441.7,955.84,352371.34
1467,1993,March,450.16,970.76,358696.77
1468,1993,April,443.08,952.84,352901.84
1469,1993,May,445.25,956.18,354967.28
1470,1993,June,448.06,960.88,357543.38
1471,1993,July,447.29,959.23,357761.5
1472,1993,August,454.13,971.21,363061.21
1473,1993,September,459.24,980.1,367219.78
1474,1993,October,463.9,985.97,370250.62
1475,1993,November,462.89,983.15,370025.92
1476,1993,December,465.95,989.65,373310.05
1477,1994,January,472.99,1001.85,378754.05
1478,1994,February,471.58,995.46,377180.28
1479,1994,March,463.81,975.73,370549.85
1480,1994,April,447.23,939.58,357666.78
1481,1994,May,450.9,946.65,361209.59
1482,1994,June,454.83,951.67,363981.19
1483,1994,July,451.4,941.95,361118.59
1484,1994,August,464.24,964.84,370751.55
1485,1994,September,466.96,967.9,372782.88
1486,1994,October,463.81,960.72,370885.66
1487,1994,November,461.01,953.65,369025.69
1488,1994,December,455.19,941.61,365245.46
1489,1995,January,465.25,958.58,372705.12
1490,1995,February,481.92,988.97,385400.56
1491,1995,March,493.15,1008.68,393953.74
1492,1995,April,507.91,1035.45,405287.95
1493,1995,May,523.81,1065.76,418034.62
1494,1995,June,539.35,1095.22,430476.56
1495,1995,July,557.37,1131.81,445752.95
1496,1995,August,559.11,1132.37,446872.76
1497,1995,September,578.77,1169.89,462583.03
1498,1995,October,582.92,1174.45,465290.5
1499,1995,November,595.53,1200.64,476578.57
1500,1995,December,614.57,1239.83,493056.15
1501,1996,January,614.42,1232.3,490985.92
1502,1996,February,649.54,1298.54,518304.1
1503,1996,March,647.07,1286.95,514612.96
1504,1996,April,647.17,1282.21,513651.34
1505,1996,May,661.23,1307.56,524743.49
1506,1996,June,668.5,1321.09,531117.42
1507,1996,July,644.07,1270.38,511681.78
1508,1996,August,662.68,1304.59,526422.55
1509,1996,September,674.88,1324.4,535382.72
1510,1996,October,701.46,1372.21,555682.37
1511,1996,November,735.67,1436.41,582656.96
1512,1996,December,743.25,1451.21,589643.8
1513,1997,January,766.22,1491.36,606941.77
1514,1997,February,798.39,1549.11,631430.64
1515,1997,March,792.16,1533.18,625927.27
1516,1997,April,763.93,1476.69,603860.27
1517,1997,May,833.09,1611.39,659937.24
1518,1997,June,876.29,1692.83,694291.81
1519,1997,July,925.29,1785.26,733204.82
1520,1997,August,927.24,1785.69,734385.88
1521,1997,September,937.02,1800.04,741299.53
1522,1997,October,951.16,1822.69,751635.33
1523,1997,November,938.92,1800.34,743439.94
1524,1997,December,962.37,1847.6,763976.58
1525,1998,January,963.36,1846.06,764369.54
1526,1998,February,1023.74,1958.13,811801.94
1527,1998,March,1076.83,2055.87,853353.32
1528,1998,April,1112.2,2119.48,880793.94
1529,1998,May,1108.42,2108.38,877226.94
1530,1998,June,1108.39,2105.74,877177.51
1531,1998,July,1156.58,2194.6,915248.27
1532,1998,August,1074.62,2036.58,850408.47
1533,1998,September,1020.64,1931.92,807766.68
1534,1998,October,1032.47,1949.54,816199.95
1535,1998,November,1144.43,2160.95,905773.96
1536,1998,December,1190.05,2248.46,943524.3
1537,1999,January,1248.77,2353.66,988742.92
1538,1999,February,1246.58,2346.68,986887.5
1539,1999,March,1281.66,2405.41,1012666.74
1540,1999,April,1334.76,2486.98,1048082.88
1541,1999,May,1332.07,2481.96,1047047.04
1542,1999,June,1322.55,2464.23,1040641.55
1543,1999,July,1380.99,2565.4,1084445.07
1544,1999,August,1327.49,2460.11,1041020.13
1545,1999,September,1318.17,2431.2,1029868.25
1546,1999,October,1300.01,2393.43,1014951.06
1547,1999,November,1391,2559.43,1086428.14
1548,1999,December,1428.68,2628.76,1116944.07
1549,2000,January,1425.59,2615.3,1112312.62
1550,2000,February,1388.87,2532.93,1078361.78
1551,2000,March,1442.21,2608.7,1111695.1
1552,2000,April,1461.36,2641.8,1126873.53
1553,2000,May,1418.48,2561.29,1093605.8
1554,2000,June,1461.96,2626.02,1122310.84
1555,2000,July,1473,2639.72,1129226.84
1556,2000,August,1485.46,2662.05,1139830.86
1557,2000,September,1468.05,2617.22,1121675.15
1558,2000,October,1390.14,2474.05,1061353.65
1559,2000,November,1378.04,2451.11,1052547.41
1560,2000,December,1330.93,2368.67,1018185.19
1561,2001,January,1335.63,2362.11,1016386.2
1562,2001,February,1305.75,2300.07,990706.67
1563,2001,March,1185.85,2084.12,898700.32
1564,2001,April,1189.84,2082.86,899154.71
1565,2001,May,1270.37,2213.82,956678.27
1566,2001,June,1238.71,2155.01,932246.84
1567,2001,July,1204.45,2101.31,910004.19
1568,2001,August,1178.5,2056.04,891388.01
1569,2001,September,1044.64,1814.32,787582.09
1570,2001,October,1076.59,1876.13,815402.88
1571,2001,November,1129.68,1971.97,858054.98
1572,2001,December,1144.93,2006.51,874083.53
1573,2002,January,1140.21,1993.73,869512.92
1574,2002,February,1100.67,1917.01,837051.45
1575,2002,March,1153.79,1998.29,873532.69
1576,2002,April,1111.93,1915.08,838151.84
1577,2002,May,1079.25,1858.8,814519.34
1578,2002,June,1014.02,1745.48,765872.53
1579,2002,July,903.59,1553.66,682712.11
1580,2002,August,912.55,1563.86,688189.05
1581,2002,September,867.81,1484.72,654355.48
1582,2002,October,854.63,1459.75,644347.83
1583,2002,November,909.93,1554.21,687045.25
1584,2002,December,899.18,1539.24,681443.03
1585,2003,January,895.84,1526.77,676936.22
1586,2003,February,837.03,1415.64,628671.1
1587,2003,March,846.63,1423.32,633093.21
1588,2003,April,890.03,1499.54,668007.2
1589,2003,May,935.96,1579.5,704642.24
1590,2003,June,988,1665.51,744024.36
1591,2003,July,992.54,1671.34,747652.8
1592,2003,August,989.53,1659.96,743587.66
1593,2003,September,1019.44,1704.59,764617.36
1594,2003,October,1038.73,1738.72,780982.56
1595,2003,November,1049.9,1762.18,792595.88
1596,2003,December,1080.64,1815.75,817782.78
1597,2004,January,1132.52,1893.67,853982.99
1598,2004,February,1143.36,1901.53,858639.82
1599,2004,March,1123.98,1857.33,839801.3
1600,2004,April,1133.36,1866.85,845237.56
1601,2004,May,1102.78,1805.91,818784.78
1602,2004,June,1132.76,1849.14,839531.2
1603,2004,July,1105.85,1808.07,822047.5
1604,2004,August,1088.94,1779.48,810224.79
1605,2004,September,1117.66,1822.57,831027.73
1606,2004,October,1117.21,1812.29,827528.4
1607,2004,November,1168.94,1895.21,866585.56
1608,2004,December,1199.21,1951.44,893501.61
1609,2005,January,1181.41,1918.45,879613.74
1610,2005,February,1199.63,1936.86,889288.59
1611,2005,March,1194.9,1914.25,880148.61
1612,2005,April,1164.43,1852.98,853222.7
1613,2005,May,1178.28,1876.95,865524.44
1614,2005,June,1202.25,1914.14,883958.48
1615,2005,July,1222.24,1937.01,895804.52
1616,2005,August,1224.27,1930.35,894017.35
1617,2005,September,1225.92,1909.61,885705.5
1618,2005,October,1191.96,1852.98,860745.81
1619,2005,November,1237.37,1939.15,902105.49
1620,2005,December,1262.07,1985.9,925208.79
1621,2006,January,1278.73,1996.9,931689.59
1622,2006,February,1276.65,1989.64,929670.61
1623,2006,March,1293.74,2005.17,938303.69
1624,2006,April,1302.17,2001.21,937828.24
1625,2006,May,1290.01,1972.73,925869.27
1626,2006,June,1253.17,1912.61,899054.41
1627,2006,July,1260.24,1917.73,902871.22
1628,2006,August,1287.15,1954.84,921764.17
1629,2006,September,1317.74,2011.16,949766.75
1630,2006,October,1363.38,2092.16,989489.51
1631,2006,November,1388.64,2134.1,1010813.98
1632,2006,December,1416.42,2173.55,1031009.71
1633,2007,January,1424.16,2178.78,1035005.77
1634,2007,February,1444.8,2198.59,1045941.11
1635,2007,March,1406.95,2121.68,1010873.23
1636,2007,April,1463.64,2192.92,1046346.69
1637,2007,May,1511.14,2250.34,1075278.96
1638,2007,June,1514.19,2250.52,1076914.02
1639,2007,July,1520.71,2260.78,1083393.77
1640,2007,August,1454.62,2166.5,1039802.16
1641,2007,September,1497.12,2223.67,1068843.86
1642,2007,October,1539.66,2281.98,1098484.75
1643,2007,November,1463.39,2156.13,1039528.62
1644,2007,December,1479.22,2180.91,1053121.58
1645,2008,January,1378.76,2022.74,978392.98
1646,2008,February,1354.87,1981.94,960313.63
1647,2008,March,1316.94,1909.9,927064.91
1648,2008,April,1370.47,1975.55,960589.97
1649,2008,May,1403.22,2005.87,976986.98
1650,2008,June,1341.25,1898.16,926173.31
1651,2008,July,1257.33,1770.1,865334.93
1652,2008,August,1281.47,1811.31,887141.88
1653,2008,September,1216.95,1722.5,845309.13
1654,2008,October,968.8,1385.25,681485.95
1655,2008,November,883.04,1287.28,634994.71
1656,2008,December,877.56,1292.66,639367.96
1657,2009,January,865.58,1269.49,629600.17
1658,2009,February,805.23,1175.14,584471.81
1659,2009,March,757.13,1102.26,549870.42
1660,2009,April,848.15,1231.7,616052.49
1661,2009,May,902.41,1306.72,655154.21
1662,2009,June,926.12,1329.63,668176.43
1663,2009,July,935.82,1345.69,677754.1
1664,2009,August,1009.73,1448.72,731118.99
1665,2009,September,1044.55,1497.74,757299.68
1666,2009,October,1067.66,1529.41,774722.27
1667,2009,November,1088.07,1557.54,790358.06
1668,2009,December,1110.38,1592.28,809345.66
1669,2010,January,1123.58,1605.72,817524.03
1670,2010,February,1089.16,1556.15,793620.23
1671,2010,March,1152.05,1639.27,837336.7
1672,2010,April,1197.32,1700.73,870058.07
1673,2010,May,1125.06,1596.85,818246.33
1674,2010,June,1083.36,1539.17,790025.35
1675,2010,July,1079.8,1533.78,788608.48
1676,2010,August,1087.28,1542.28,794328.59
1677,2010,September,1122.08,1590.72,820635.53
1678,2010,October,1171.58,1658.83,857140.01
1679,2010,November,1198.89,1696.78,878128.97
1680,2010,December,1241.53,1754.11,909185.72
1681,2011,January,1282.62,1803.58,936218.3
1682,2011,February,1321.12,1848.6,960992.45
1683,2011,March,1304.49,1807.7,941138.82
1684,2011,April,1331.51,1833.34,955904.11
1685,2011,May,1338.31,1834.07,957718.62
1686,2011,June,1287.29,1766.05,923648.5
1687,2011,July,1325.19,1816.43,951471.33
1688,2011,August,1185.31,1620.23,850184.45
1689,2011,September,1173.88,1602.17,842212.28
1690,2011,October,1207.22,1651.08,869456.2
1691,2011,November,1226.42,1678.76,885592.62
1692,2011,December,1243.32,1706.1,901610.29
1693,2012,January,1300.58,1776.86,940609.99
1694,2012,February,1352.49,1839.67,975487.34
1695,2012,March,1389.24,1875.42,996072.51
1696,2012,April,1386.43,1865.99,992712.21
1697,2012,May,1341.27,1807.33,963177.52
1698,2012,June,1323.48,1785.98,953495.3
1699,2012,July,1359.78,1837.96,982975.18
1700,2012,August,1403.45,1886.49,1010676.37
1701,2012,September,1443.42,1931.59,1036610.41
1702,2012,October,1437.82,1924.85,1034795.14
1703,2012,November,1394.51,1875.76,1010252.74
1704,2012,December,1422.29,1918.29,1035052.01
1705,2013,January,1480.4,1990.78,1076071.03
1706,2013,February,1512.31,2017.17,1092247.83
1707,2013,March,1550.83,2063.15,1119075.19
1708,2013,April,1570.7,2091.76,1136549.06
1709,2013,May,1639.84,2179.96,1186448.84
1710,2013,June,1618.77,2146.79,1170401.7
1711,2013,July,1668.68,2212.11,1208038.89
1712,2013,August,1670.09,2211.32,1209657.11
1713,2013,September,1687.17,2231.34,1222682.63
1714,2013,October,1720.03,2280.67,1251809.19
1715,2013,November,1783.54,2369.72,1302801.75
1716,2013,December,1807.78,2402.14,1322751.46
1717,2014,January,1822.36,2412.54,1330628.09
1718,2014,February,1817.04,2396.63,1324026.81
1719,2014,March,1863.52,2442.21,1351392.46
1720,2014,April,1864.26,2435.15,1349692.1
1721,2014,May,1889.77,2459.88,1365623.39
1722,2014,June,1947.09,2529.78,1406676.73
1723,2014,July,1973.1,2564.58,1428297.7
1724,2014,August,1961.53,2553.8,1424601.71
1725,2014,September,1993.23,2593.12,1448863.63
1726,2014,October,1937.27,2526.67,1414090.01
1727,2014,November,2044.57,2681.09,1502907.16
1728,2014,December,2054.27,2709.17,1521077.96
1729,2015,January,2028.18,2687.41,1511333.66
1730,2015,February,2082.2,2747.06,1547373.12
1731,2015,March,2079.99,2727.91,1539097.8
1732,2015,April,2094.86,2741.84,1549486.59
1733,2015,May,2111.94,2750.17,1556738.63
1734,2015,June,2099.29,2724.16,1544567.65
1735,2015,July,2094.14,2717.29,1543249.98
1736,2015,August,2039.87,2650.63,1507986.95
1737,2015,September,1944.41,2530.53,1442281.63
1738,2015,October,2024.81,2636.35,1505241.67
1739,2015,November,2080.62,2714.74,1552677.8
1740,2015,December,2054.08,2689.3,1540835.66
1741,2016,January,1918.6,2507.78,1439550.33
1742,2016,February,1904.42,2487.2,1430466.94
1743,2016,March,2021.95,2629.37,1514970.41
1744,2016,April,2075.54,2686.33,1550524.1
1745,2016,May,2065.55,2662.62,1539588.03
1746,2016,June,2083.89,2677.47,1550925.78
1747,2016,July,2148.9,2765.47,1604674.98
1748,2016,August,2170.95,2791.29,1622440.88
1749,2016,September,2157.69,2767.58,1611461.59
1750,2016,October,2143.02,2745.35,1601325.35
1751,2016,November,2164.99,2777.81,1623098.41
1752,2016,December,2246.63,2881.62,1686607.18
1753,2017,January,2275.12,2901.25,1700955.9
1754,2017,February,2329.91,2961.8,1739322.11
1755,2017,March,2366.82,3006.28,1768324.13
1756,2017,April,2359.31,2987.88,1760397.75
1757,2017,May,2395.35,3030.93,1788678.84
1758,2017,June,2433.99,3077.03,1818820.98
1759,2017,July,2454.1,3104.6,1838076.68
1760,2017,August,2456.22,3098,1837150.03
1761,2017,September,2492.84,3127.63,1857706.31
1762,2017,October,2557,3210.16,1909733.62
1763,2017,November,2593.61,3256.04,1940058.72
1764,2017,December,2664.34,3346.8,1997189.85
1765,2018,January,2789.8,3485.41,2082966
1766,2018,February,2705.16,3364.41,2013727.87
1767,2018,March,2702.77,3353.85,2010504.42
1768,2018,April,2653.63,3279.84,1969242.73
1769,2018,May,2701.49,3325.16,1999576.14
1770,2018,June,2754.35,3384.83,2038597.67
1771,2018,July,2793.64,3432.88,2070710.69
1772,2018,August,2857.82,3509.8,2120309.65
1773,2018,September,2901.5,3559.31,2153450.96
1774,2018,October,2785.46,3410.93,2066942.2
1775,2018,November,2723.23,3345.94,2030861.37
1776,2018,December,2567.31,3164.47,1924069.07
1777,2019,January,2607.39,3207.76,1953763.65
1778,2019,February,2754.86,3374.92,2058968.03
1779,2019,March,2803.98,3415.82,2087326.53
1780,2019,April,2903.8,3518.79,2153662.15
1781,2019,May,2854.71,3451.96,2116191.17
1782,2019,June,2890.17,3494.14,2145514.49
1783,2019,July,2996.11,3616.18,2223938.2
1784,2019,August,2897.5,3497.33,2154363.49
1785,2019,September,2982.16,3596.7,2219115.54
1786,2019,October,2977.68,3583.11,2214291.87
1787,2019,November,3104.9,3738.21,2313728.55
1788,2019,December,3176.75,3828.19,2373041.94
1789,2020,January,3278.2,3935.18,2443002.88
1790,2020,February,3277.31,3923.36,2439327.71
1791,2020,March,2652.39,3182.18,1982204.68
1792,2020,April,2761.98,3335.95,2081730.94
1793,2020,May,2919.62,3526.28,2204249.14
1794,2020,June,3104.66,3729.37,2334932.88
1795,2020,July,3207.62,3833.66,2403928.31
1796,2020,August,3391.71,4040.93,2537585.12
1797,2020,September,3365.52,4004.15,2518150
1798,2020,October,3418.7,4065.74,2560538.97
1799,2020,November,3548.99,4223.27,2663400.13
1800,2020,December,3695.31,4393.25,2774239.33
1801,2021,January,3793.75,4491.18,2839694.72
1802,2021,February,3883.43,4572.32,2894587.03
1803,2021,March,3910.51,4571.81,2897822.51
1804,2021,April,4141.18,4802.02,3047273.99
1805,2021,May,4167.85,4794.51,3046024.76
1806,2021,June,4238.49,4830.89,3072628.64
1807,2021,July,4363.71,4949.81,3151769.39
1808,2021,August,4454.21,5042.04,3214028.63
1809,2021,September,4445.54,5018.6,3202642.38
1810,2021,October,4460.71,4994.23,3190638.63
1811,2021,November,4667.39,5200.08,3325708.34
1812,2021,December,4674.77,5192.35,3324343.4
1813,2022,January,4573.81,5037.83,3228989.94
1814,2022,February,4435.98,4841.78,3106918.56
1815,2022,March,4391.27,4729.83,3038647.19
1816,2022,April,4391.3,4703.6,3025392.02
1817,2022,May,4040.36,4280.52,2756859.99
1818,2022,June,3898.95,4074.73,2627912.42
1819,2022,July,3911.73,4088.57,2640460.14
1820,2022,August,4158.56,4348.11,2811721.82
1821,2022,September,3850.52,4017.38,2601530.51
1822,2022,October,3726.05,3871.81,2510957.02
1823,2022,November,3917.49,4074.86,2646366.35
1824,2022,December,3912.38,4082.08,2654833.78
1825,2023,January,3960.66,4099.67,2670052.68
1826,2023,February,4079.68,4199.43,2738814.28
1827,2023,March,3968.56,4071.56,2659224.31
1828,2023,April,4121.47,4207.16,2751581.75
1829,2023,May,4146.17,4221.74,2764926.02
1830,2023,June,4345.37,4410.33,2892244.28
1831,2023,July,4508.08,4566.76,2998640.09
1832,2023,August,4457.36,4495.75,2955827.14
1833,2023,September,4409.1,4436.04,2920394.59
1834,2023,October,4269.4,4297.14,2832797.34
1835,2023,November,4460.06,4498.11,2969156.37
1836,2023,December,4685.05,4729.71,3125940.92
1837,2024,January,4815.61,4835.18,3195645.95
1838,2024,February,5011.96,5018.73,3316956.78
1839,2024,March,5137.08,5137.08,3395174.88